scenario_id,environment,method,collision_rate,success,path_length,min_clearance,avg_clearance,planning_time,path_smoothness,coverage_rate,uncertainty_efficiency,adaptivity_score
0,sparse,naive,0.0,True,32.786811241224726,3.083712387660041,4.625568581490062,0.27052576424032637,1.5621088666940683,0.0,0.0,0.0
0,sparse,ensemble,0.016526280703252395,True,38.056477989794786,4.860974692156262,7.291462038234393,0.8567135123214873,0.9563633644393066,0.0,0.0,0.0
0,sparse,learnable_cp,0.0,True,36.62166678638744,4.644933524285398,6.967400286428097,0.473806200119207,0.7092407909780627,0.9318395184895757,0.35,0.5587696298664708
1,sparse,naive,0.030578755861362383,True,34.62854318524354,3.7678464093113377,5.651769613967007,0.23971165109398007,0.5696756190799965,0.0,0.0,0.0
1,sparse,ensemble,0.0,True,39.19946362582241,4.819808393024359,7.229712589536538,0.8654153125103363,1.5263495397682354,0.0,0.0,0.0
1,sparse,learnable_cp,0.0,True,35.784239658736745,4.239905358847254,6.359858038270882,0.5497236068839937,1.8639806031181732,0.9664508982420638,0.35,0.5779156350028978
2,sparse,naive,0.5417469562328661,False,33.54672889697286,3.0655914948161587,4.598387242224238,0.26408805194743057,1.8828113525346752,0.0,0.0,0.0
2,sparse,ensemble,0.03421758588058797,True,35.23115947449087,4.556443402889772,6.834665104334658,0.8440077895802647,1.743106263727894,0.0,0.0,0.0
2,sparse,learnable_cp,0.0,True,31.89102287218667,4.06083430859553,6.091251462893295,0.5567214441314011,1.7032954711310595,0.9364615599938808,0.35,0.7611676288840867
3,sparse,naive,0.21231841920695588,True,28.112470263883452,3.2682996990326285,4.902449548548943,0.2577498898622368,0.6110669776011355,0.0,0.0,0.0
3,sparse,ensemble,0.0,True,29.669094594698816,5.099379029421069,7.6490685441316035,0.9287772563561181,0.9963470372789738,0.0,0.0,0.0
3,sparse,learnable_cp,0.011445357574586897,True,27.623164594899876,4.753914903410211,7.130872355115316,0.5050896030272162,1.4563362070328196,0.9485597975683933,0.35,0.8003532897892024
4,sparse,naive,0.2709445300633681,True,29.724800301320137,3.448630275865042,5.172945413797563,0.23690906259966601,1.2406933945465861,0.0,0.0,0.0
4,sparse,ensemble,0.0,True,33.99745578830794,5.026114120471451,7.539171180707177,0.8650496324767067,0.97153397161449,0.0,0.0,0.0
4,sparse,learnable_cp,0.03307064981251685,True,30.422298785534817,4.239675063897948,6.3595125958469225,0.47524730645928326,1.633326707814573,0.9338301279421362,0.35,0.6498242956415463
5,sparse,naive,0.2002172497287208,True,43.20911133025958,3.0771350610168837,4.615702591525325,0.2357256447931586,0.7798550883290538,0.0,0.0,0.0
5,sparse,ensemble,0.04485387746740202,True,48.96393870912064,4.789384071836794,7.184076107755192,0.8636168926701117,0.8419027438129125,0.0,0.0,0.0
5,sparse,learnable_cp,0.04047467240279112,True,43.580251724695934,3.6034471857309596,5.405170778596439,0.5672758971944384,0.8331617157060953,0.9431457096694645,0.35,0.6197722730778381
6,sparse,naive,0.15724082451421326,True,37.05619797023071,2.717082957459821,4.075624436189732,0.2901979369329647,1.957673124081441,0.0,0.0,0.0
6,sparse,ensemble,0.0,True,47.21292426121707,5.018069062982308,7.527103594473462,1.0031621056242643,0.5772181268749841,0.0,0.0,0.0
6,sparse,learnable_cp,0.02455508198867054,True,43.87083677407417,4.227587237715981,6.341380856573972,0.5289250889830058,1.2341791404163445,0.9728564562903004,0.35,0.7751933032686774
7,sparse,naive,0.004725823497545939,True,32.76082275574565,3.4215615917634565,5.132342387645185,0.2896162876745952,1.3036620261121377,0.0,0.0,0.0
7,sparse,ensemble,0.0,True,33.35911455635679,5.029895409526293,7.5448431142894385,0.8548262172941902,1.5163465427634235,0.0,0.0,0.0
7,sparse,learnable_cp,0.015182886914802747,True,31.661136029645636,4.594726019788732,6.892089029683098,0.48885632316623473,0.7615496435074871,0.9316115153153239,0.35,0.8549934405017539
8,sparse,naive,0.06676034015350787,True,39.23247257494587,2.8929764922695416,4.339464738404312,0.24780608992669828,1.4899760690512687,0.0,0.0,0.0
8,sparse,ensemble,0.05137299673020647,True,49.76830742955896,4.517755029631632,6.776632544447447,0.8892316929266153,0.6396541517088488,0.0,0.0,0.0
8,sparse,learnable_cp,0.0,True,46.66523162063913,4.789819044279347,7.18472856641902,0.5066426921975223,1.8456653899288655,0.9550098570069175,0.35,0.7346448209496975
9,sparse,naive,0.1589432404248312,True,38.056801292083314,3.0524499035974415,4.578674855396162,0.15915725538203807,1.53784279653904,0.0,0.0,0.0
9,sparse,ensemble,0.0,True,43.1294054082372,4.707595498931804,7.061393248397706,0.9193542301871227,0.9880995472389016,0.0,0.0,0.0
9,sparse,learnable_cp,0.030399547198615866,True,41.80773734589224,4.527345873216936,6.791018809825403,0.5970267792481005,1.3524629050032075,0.9450922376799425,0.35,0.6246263835642509
10,sparse,naive,0.2568010322286344,True,29.94774827459956,3.36281459120599,5.044221886808986,0.24689800018459981,1.2539556396577882,0.0,0.0,0.0
10,sparse,ensemble,0.026767158338102198,True,40.431316217814484,5.187700204329502,7.781550306494253,0.8371421221791859,0.9211585436612837,0.0,0.0,0.0
10,sparse,learnable_cp,0.015839601289400457,True,32.586548640070525,4.362760283335502,6.5441404250032535,0.5870170408973869,1.9499822285655044,0.9330641256386318,0.35,0.5485152775314135
11,sparse,naive,0.0,True,38.62947194111925,3.213032772109186,4.819549158163779,0.22462394357755489,1.5440446950124596,0.0,0.0,0.0
11,sparse,ensemble,0.0,True,45.911163174740125,5.0174626155338,7.5261939233007,0.822851485108469,1.816059607891933,0.0,0.0,0.0
11,sparse,learnable_cp,0.032448943153209064,True,44.960231870697214,4.1122975710719665,6.16844635660795,0.6191002302085972,0.94038776639674,0.9603007053441731,0.35,0.7513785950912208
12,sparse,naive,0.12858977216987555,True,41.65021699526142,3.431206898500058,5.146810347750087,0.22036531863703163,1.4749458961666477,0.0,0.0,0.0
12,sparse,ensemble,0.08770008817466013,True,47.19512987289372,4.905419226607896,7.358128839911844,0.9179484610246635,1.063374428959916,0.0,0.0,0.0
12,sparse,learnable_cp,0.01830045596218677,True,41.38704230338884,4.388109157388115,6.5821637360821725,0.5232668629074968,1.313966952061365,0.9637252038074903,0.35,0.5387284128810348
13,sparse,naive,0.0,True,26.060744441750565,3.4681140423398635,5.2021710635097955,0.22642755000355408,0.8237315412452648,0.0,0.0,0.0
13,sparse,ensemble,0.0034816684141431645,True,31.172852956184983,5.013671551971144,7.520507327956716,0.8474199826197093,1.3109526824151598,0.0,0.0,0.0
13,sparse,learnable_cp,0.04226870981903409,True,30.52634120667298,4.40454298347796,6.6068144752169395,0.5721037008433366,0.984434709411869,0.9367642707046322,0.35,0.7852433334796224
14,sparse,naive,0.009227138336486723,True,36.48640333733008,2.89972587265489,4.349588808982334,0.20410765467447087,0.875364347246893,0.0,0.0,0.0
14,sparse,ensemble,0.12827271201405485,True,38.94833327945275,4.6217348136994865,6.93260222054923,0.925893097352739,1.9322979209947913,0.0,0.0,0.0
14,sparse,learnable_cp,0.02254592530920818,True,39.119605839161856,4.001950470159231,6.002925705238847,0.6421857898875923,0.8715964842517362,0.9753382229837324,0.35,0.6292330534381219
15,sparse,naive,0.08939120581899965,True,30.220708806863264,2.9941673577301358,4.491251036595203,0.17337041717194596,1.2102076561708486,0.0,0.0,0.0
15,sparse,ensemble,0.027371592430341984,True,27.952635698876755,5.48972339117949,8.234585086769236,0.8084929311019685,1.4526404763014658,0.0,0.0,0.0
15,sparse,learnable_cp,0.012431757069205835,True,27.663503699083055,4.417552670692054,6.62632900603808,0.6673998464225162,1.7847347617824834,0.9303698269790409,0.35,0.7462103474263271
16,sparse,naive,0.09463137112526733,True,27.483250985791088,3.194148809036113,4.7912232135541695,0.2263047413912015,1.3632112668138183,0.0,0.0,0.0
16,sparse,ensemble,0.1193008408072676,True,28.990045439636585,5.63991001239688,8.45986501859532,0.782395610023875,1.9121972131647877,0.0,0.0,0.0
16,sparse,learnable_cp,0.023786542802068683,True,29.333378616154288,4.254070170184292,6.381105255276438,0.560379913064286,0.978463445440642,0.9382127048611157,0.35,0.7849602097021025
17,sparse,naive,0.2678016640770042,True,31.016196529965832,3.108604173582741,4.662906260374112,0.24906570670178624,1.7052213955772728,0.0,0.0,0.0
17,sparse,ensemble,0.0,True,31.20739835990331,5.224188081536979,7.836282122305468,0.9105185132716733,1.98575771300101,0.0,0.0,0.0
17,sparse,learnable_cp,0.0,True,27.91884350928067,4.199239181545637,6.2988587723184555,0.6080968658873388,1.896135988405347,0.9456463759354555,0.35,0.8098776851987189
18,sparse,naive,0.06381269708430565,True,38.59946542966102,3.0036439527219674,4.505465929082951,0.26654670419870397,1.7396861991616124,0.0,0.0,0.0
18,sparse,ensemble,0.0740976485647482,True,43.16711870218658,5.097249905746533,7.645874858619798,0.8734928472816159,1.9259107204063342,0.0,0.0,0.0
18,sparse,learnable_cp,0.053246352796799415,True,43.25277102822721,3.8623864699594357,5.7935797049391535,0.5276613244105046,0.9929968180548739,0.9731622174700013,0.35,0.7791662693962935
19,sparse,naive,0.020128013286212415,True,38.6997358461905,2.372994675410916,3.559492013116374,0.30852157582833595,1.8315562741374496,0.0,0.0,0.0
19,sparse,ensemble,0.0,True,43.88220374617844,5.123879436282687,7.68581915442403,0.8518137723598014,1.4273270949743915,0.0,0.0,0.0
19,sparse,learnable_cp,0.006333931861948795,True,42.22240498883162,4.5677327607843585,6.851599141176537,0.593627079571524,0.6220231709628496,0.9210383131700535,0.35,0.5592536225623445
20,sparse,naive,0.025365883504336592,True,41.77181591680201,2.388877219508358,3.583315829262537,0.29850161402713365,1.859531577642104,0.0,0.0,0.0
20,sparse,ensemble,0.03904918960486556,True,42.90427343267589,4.994446059202283,7.491669088803425,0.8655670680539932,0.584454913522756,0.0,0.0,0.0
20,sparse,learnable_cp,0.04042276451961829,True,43.7174468419782,4.547805945140122,6.821708917710183,0.5544436503065873,1.062305869285556,0.9638028798342222,0.35,0.6598779528114164
21,sparse,naive,0.13544789967783186,True,31.73864306939831,3.1420882163182693,4.713132324477404,0.22271752889692858,1.2846467662552232,0.0,0.0,0.0
21,sparse,ensemble,0.1125571803897521,True,36.155921277354,5.645954737253467,8.4689321058802,0.8416326218555976,1.3764714678846504,0.0,0.0,0.0
21,sparse,learnable_cp,0.012781361287409795,True,34.105983466178095,3.964145162278292,5.946217743417438,0.5892003205457085,0.782181739585642,0.9075220855138039,0.35,0.6474244978319239
22,sparse,naive,0.0,True,36.167536679261836,3.171404253098036,4.7571063796470545,0.26852619100066055,0.743925409017337,0.0,0.0,0.0
22,sparse,ensemble,0.0,True,44.42188885760763,5.353832036216386,8.03074805432458,0.8565412173947649,1.9809141939724166,0.0,0.0,0.0
22,sparse,learnable_cp,0.020909550488463668,True,36.08329872545002,4.502276659567687,6.75341498935153,0.5456793246584194,1.7631783847035631,0.9477092030949475,0.35,0.8237816311973462
23,sparse,naive,0.10870570038667167,True,32.67243724522288,3.0778167926999083,4.616725189049863,0.23511741451658216,1.999576509929196,0.0,0.0,0.0
23,sparse,ensemble,0.04026218498590916,True,37.79487942362044,4.864980358556227,7.297470537834339,0.911142496617375,1.1758162029651402,0.0,0.0,0.0
23,sparse,learnable_cp,0.0,True,36.4770633547141,4.718134044233141,7.077201066349711,0.6270685498459092,1.0372440770492608,0.9566462802395918,0.35,0.6251513463443445
24,sparse,naive,0.14222922023208434,True,37.54737199870069,3.0509918708721924,4.576487806308289,0.27766225932142286,1.3414069573030794,0.0,0.0,0.0
24,sparse,ensemble,0.027551792576046327,True,41.55471513452866,5.193612784875544,7.790419177313316,0.9484315778766176,1.5561196521488354,0.0,0.0,0.0
24,sparse,learnable_cp,0.006326993464563056,True,36.51581671512472,3.88073806887033,5.821107103305495,0.6222169395990906,1.1562123830355935,0.9446118633111088,0.35,0.7717542255795962
25,moderate,naive,0.1769928255935876,True,38.64971785286515,1.7944642130190243,2.6916963195285364,0.2565350278531966,1.9242809354864632,0.0,0.0,0.0
25,moderate,ensemble,0.0,True,41.26685515901418,2.615219634681792,3.9228294520226883,0.9583652625952953,1.2389271409893043,0.0,0.0,0.0
25,moderate,learnable_cp,0.05245355369596042,True,35.97690117583584,2.1631266080345637,3.2446899120518458,0.5962348172622438,0.6933195828659738,0.957331964921937,0.7,0.6060120213672644
26,moderate,naive,0.3621052047417702,True,29.91963677652381,2.1165277825864415,3.174791673879662,0.22403199962331707,0.7584798068024448,0.0,0.0,0.0
26,moderate,ensemble,0.05348711908137796,True,33.49042893694909,2.4678908920136324,3.7018363380204486,0.9082378838790313,0.8095005776086888,0.0,0.0,0.0
26,moderate,learnable_cp,0.031149480060485936,True,28.37549812391117,2.169415146256043,3.254122719384065,0.6021067040870964,1.699115598363564,0.9360054898401482,0.7,0.7213979910734222
27,moderate,naive,0.3777031396900765,True,40.673319852690724,1.2790763483227061,1.9186145224840592,0.2689752200774927,0.8140239850050655,0.0,0.0,0.0
27,moderate,ensemble,0.0662474151424178,True,43.59731206295492,2.0454426813404343,3.0681640220106514,1.0283437133722262,1.1938020741997217,0.0,0.0,0.0
27,moderate,learnable_cp,0.04702804184757657,True,43.291299389989696,2.2085861678703482,3.3128792518055223,0.6484311578152211,1.2981702278979734,0.9474416481703847,0.7,0.6044459559399573
28,moderate,naive,0.12842412295311717,True,34.47910112893374,1.4439284632318774,2.165892694847816,0.2376104561313231,0.9831187483747674,0.0,0.0,0.0
28,moderate,ensemble,0.047671355787873675,True,39.56831662375528,3.0061424905217695,4.509213735782654,1.0040819878474725,1.6837568579110074,0.0,0.0,0.0
28,moderate,learnable_cp,0.012520517610298067,True,39.184647847573814,2.9122988210477168,4.368448231571575,0.6507266346343649,1.6181592112764949,0.9292550769134709,0.7,0.6809661321916392
29,moderate,naive,0.4593597903892846,True,29.563003865655162,0.9258667259194931,1.3888000888792398,0.28706422890302374,1.9797728731894695,0.0,0.0,0.0
29,moderate,ensemble,0.010071621309042933,True,38.135586285911934,2.304807229263452,3.457210843895178,0.9356437308117651,0.7798505360769586,0.0,0.0,0.0
29,moderate,learnable_cp,0.01342832457962529,True,33.666548242669585,1.4491721435013356,2.173758215252003,0.6342321100777584,1.9735679253629095,0.9452210390626717,0.7,0.6092436337958401
30,moderate,naive,0.2855986577139615,True,44.04341695532084,1.2827994610187103,1.9241991915280656,0.21337098488897976,1.5029648298866465,0.0,0.0,0.0
30,moderate,ensemble,0.0849666152714613,True,51.5234757181437,1.9991784156635886,2.998767623495383,0.9871680096189968,1.6542393997879055,0.0,0.0,0.0
30,moderate,learnable_cp,0.018708859934608496,True,44.97186967370961,2.283927204936013,3.425890807404019,0.4629522577770149,0.8636145986226204,0.9551944500344296,0.7,0.6095683374895591
31,moderate,naive,0.07912874071151763,True,32.79788945987074,2.3351332270467156,3.5026998405700733,0.1594497195022389,0.5777353052336404,0.0,0.0,0.0
31,moderate,ensemble,0.03697933173580238,True,36.33265365927419,2.8018878427643323,4.202831764146499,0.9311554065238425,0.8819609821456458,0.0,0.0,0.0
31,moderate,learnable_cp,0.052126582096568855,True,36.38667275734403,1.98299827526463,2.974497412896945,0.7216924039201208,1.1177613712209027,0.9615414425436107,0.7,0.6796954613957007
32,moderate,naive,0.27545939265855607,True,41.38400806678883,1.6464132238136249,2.4696198357204375,0.3190067047537601,1.7627431651374081,0.0,0.0,0.0
32,moderate,ensemble,0.09688013310376012,True,46.56224933052722,2.353718132778252,3.530577199167378,0.9383720906090189,0.7463986968964894,0.0,0.0,0.0
32,moderate,learnable_cp,0.04086966305927555,True,46.57147970093853,1.537568034497837,2.3063520517467557,0.6180389212336714,1.8158008112196624,0.9740242784432789,0.7,0.6591924626978448
33,moderate,naive,0.1485380469273942,True,30.28506617615683,1.8154779122015,2.72321686830225,0.19782275188772647,1.2540805851387187,0.0,0.0,0.0
33,moderate,ensemble,0.09634636868820813,True,39.51938383250217,2.748821674355047,4.123232511532571,0.8494432345496057,1.8597081664468205,0.0,0.0,0.0
33,moderate,learnable_cp,0.012303681161640302,True,38.099266593169894,2.2495583140361735,3.37433747105426,0.6284468337234821,1.0023584219856292,0.9567699281498883,0.7,0.6584712086099198
34,moderate,naive,0.39488830119393853,True,37.895310215126074,1.3537814928236558,2.030672239235484,0.26019102793396526,0.9675831016933223,0.0,0.0,0.0
34,moderate,ensemble,0.12151679082721228,True,41.67871289192581,2.521469871165818,3.7822048067487266,0.9361171276617442,1.6436880286110358,0.0,0.0,0.0
34,moderate,learnable_cp,0.0230494653245409,True,42.40797387981666,2.586092489154878,3.8791387337323173,0.577768122087718,0.7248761410231607,0.965139772332907,0.7,0.6077834675822374
35,moderate,naive,0.45788549819366486,True,41.3978087527079,1.0103345761714444,1.5155018642571667,0.25404821604590994,1.0185439902558793,0.0,0.0,0.0
35,moderate,ensemble,0.0,True,48.279781903940126,2.6963096969062175,4.044464545359326,0.9572207664544772,0.7300271046741202,0.0,0.0,0.0
35,moderate,learnable_cp,0.03361061683610863,True,47.81819424804816,2.1391461340989544,3.2087192011484316,0.6023457717475129,1.8081858634162273,0.9521878958920978,0.7,0.7725766623898691
36,moderate,naive,0.28252915554744074,True,39.878971924595675,1.5750731797720945,2.3626097696581416,0.18301227859216468,1.4100725695742837,0.0,0.0,0.0
36,moderate,ensemble,0.15965933133196986,True,43.821518030201666,2.2031185539224256,3.304677830883638,0.9537106539950175,1.977261798443502,0.0,0.0,0.0
36,moderate,learnable_cp,0.08077382203474973,True,43.16222301570181,2.023573952105634,3.0353609281584513,0.5933299571054228,1.0027958624688513,0.9297579124947966,0.7,0.534514332813423
37,moderate,naive,0.215518064283042,True,37.62330747543707,1.8810376639727147,2.821556495959072,0.19907628914788042,1.1783269113347108,0.0,0.0,0.0
37,moderate,ensemble,0.06702043243181977,True,38.81579565951087,2.426277080774217,3.6394156211613256,0.9463638215126164,1.2475516591092197,0.0,0.0,0.0
37,moderate,learnable_cp,0.0460887822022173,True,38.96196185762489,2.524137960701605,3.7862069410524075,0.5077547379851953,1.4483964318792957,0.9446222261889033,0.7,0.5893474091258329
38,moderate,naive,0.2501048676335762,True,29.22478148520436,1.296730136179888,1.945095204269832,0.24746432817362388,1.6249407055987666,0.0,0.0,0.0
38,moderate,ensemble,0.08990423803839274,True,32.955789127944385,2.3279013979359293,3.491852096903894,0.9326570529379804,0.5548245017721423,0.0,0.0,0.0
38,moderate,learnable_cp,0.08139853679380668,True,29.0067221759614,2.6165746807120867,3.92486202106813,0.4670324321475313,1.1611441204073423,0.9749217038499526,0.7,0.49266097675918497
39,moderate,naive,0.2934763396252702,True,29.55182152111203,1.4550366099712615,2.182554914956892,0.266388238046583,0.9061170097153306,0.0,0.0,0.0
39,moderate,ensemble,0.024471207726708563,True,38.07522455338251,2.7807035179442385,4.171055276916357,1.0235777547497078,0.5406439887552252,0.0,0.0,0.0
39,moderate,learnable_cp,0.0159105979308094,True,31.00975088258953,2.229623733291201,3.3444355999368014,0.5934827427006396,0.7678169930815004,0.9255574438221611,0.7,0.7712998430172388
40,moderate,naive,0.37207958621854076,True,27.25995543139339,1.570395601546526,2.355593402319789,0.2526377753768943,1.0957752944276822,0.0,0.0,0.0
40,moderate,ensemble,0.025946833620005133,True,34.7437716414971,2.677930377390515,4.016895566085773,0.9445226780343005,0.5195028852661041,0.0,0.0,0.0
40,moderate,learnable_cp,0.0,True,35.001419487496975,1.8275496307152634,2.741324446072895,0.5591847295472577,1.0695386122509003,0.9188674165295219,0.7,0.7606009951345639
41,moderate,naive,0.43700421047943805,True,33.458701605429,0.9739591751248012,1.460938762687202,0.21275388825205455,1.922679960443235,0.0,0.0,0.0
41,moderate,ensemble,0.05275404565955251,True,44.266497755141465,2.4887095892725455,3.7330643839088182,1.0151650941008261,1.841828340341137,0.0,0.0,0.0
41,moderate,learnable_cp,0.02328569854226858,True,43.51442195280101,2.846571861529922,4.269857792294883,0.6336128642206886,0.8868315281498034,0.9534173087625588,0.7,0.6816016663647321
42,moderate,naive,0.05673289303640128,True,43.94427082611672,1.011122104207102,1.5166831563106529,0.26759318276547506,1.3312670037736902,0.0,0.0,0.0
42,moderate,ensemble,0.13145778186628218,True,51.249226343675986,2.576808920294163,3.8652133804412445,1.0091345491972756,1.40077529065048,0.0,0.0,0.0
42,moderate,learnable_cp,0.009924842168732583,True,48.26263963930195,2.1525695529789406,3.228854329468411,0.6403296623956843,1.0747077923742463,0.9375036284460864,0.7,0.7026091050210833
43,moderate,naive,0.19779803705547416,True,30.640792310267894,1.0696905098523464,1.6045357647785194,0.2690511004932993,1.0839434210629648,0.0,0.0,0.0
43,moderate,ensemble,0.03383833769445478,True,32.07685771091394,2.2072380241068004,3.3108570361602006,1.0126820898303919,1.3496069604453458,0.0,0.0,0.0
43,moderate,learnable_cp,0.07162629313530283,True,32.054062354258825,2.2285962420843157,3.3428943631264736,0.6089518398274483,0.8224105678861351,0.9384872434752445,0.7,0.7122009814645361
44,moderate,naive,0.0,True,37.66428747907782,1.3943481049201227,2.091522157380184,0.25212602128062594,0.6127066726037131,0.0,0.0,0.0
44,moderate,ensemble,0.07825057547515192,True,44.58515081191448,2.3119098826636697,3.4678648239955043,1.0506224278998464,0.8696030498586602,0.0,0.0,0.0
44,moderate,learnable_cp,0.039994752402242206,True,39.61043674386714,1.8736657194214716,2.8104985791322075,0.6464741253672385,1.3853460003036306,0.9354572564835025,0.7,0.6752481364448495
45,moderate,naive,0.05209781662938917,True,42.18318355710966,1.81937060340801,2.729055905112015,0.24598028344435346,1.5983373296143417,0.0,0.0,0.0
45,moderate,ensemble,0.10798952239655199,True,51.19258654550529,2.7501766463646713,4.125264969547007,0.9829590039614218,0.8745020132887789,0.0,0.0,0.0
45,moderate,learnable_cp,0.0,True,45.9307181000616,2.445545420391562,3.668318130587343,0.6066923827123,0.5509189678786983,0.9283788691918347,0.7,0.8053152853332903
46,moderate,naive,0.4193604156302714,True,42.591705676294765,1.360364945278784,2.040547417918176,0.2843258706284527,1.743373211226016,0.0,0.0,0.0
46,moderate,ensemble,0.08480603884704917,True,48.240867229859575,2.3696511317703055,3.554476697655458,0.944541393826568,0.6154298024438137,0.0,0.0,0.0
46,moderate,learnable_cp,0.009150302515457225,True,48.72859386008611,2.1216918240259615,3.182537736038942,0.6067492360409844,0.9729355067459156,0.9789395576870746,0.7,0.7196554776511574
47,moderate,naive,0.3801647536256333,True,33.32548070916959,1.095160928572343,1.6427413928585144,0.269275173042929,0.536601172334807,0.0,0.0,0.0
47,moderate,ensemble,0.08411419946377122,True,39.80428949326673,2.344813464969888,3.517220197454832,1.030467372009279,1.2198134304558632,0.0,0.0,0.0
47,moderate,learnable_cp,0.04839655020295327,True,36.00789352918976,1.6954539024600315,2.543180853690047,0.5120700500002926,1.6063734523833373,0.9415962636580828,0.7,0.6718215391139493
48,moderate,naive,0.09908261603747562,True,31.249441685416436,0.919896509667732,1.3798447645015979,0.17963020841768126,1.5194709240396047,0.0,0.0,0.0
48,moderate,ensemble,0.1292161199238292,True,37.925977752782714,2.48516088710427,3.7277413306564053,0.9937409746083301,1.4201170838160615,0.0,0.0,0.0
48,moderate,learnable_cp,0.05334205828767272,True,39.261583964734065,1.7290118987027974,2.593517848054196,0.6036981482036784,0.7647920480082624,0.9375371894715047,0.7,0.6444522880839745
49,moderate,naive,0.1756046430510294,True,40.02691402260085,1.3879802194870292,2.081970329230544,0.18132148964939374,1.637357713556137,0.0,0.0,0.0
49,moderate,ensemble,0.03838222134478857,True,47.360446498701954,2.334333086715709,3.501499630073563,0.9916465908877755,0.8357264222339347,0.0,0.0,0.0
49,moderate,learnable_cp,0.07714752730065416,True,45.46787192209284,1.9479669764249987,2.921950464637498,0.608234891371857,1.8161912939455704,0.9377442261903123,0.7,0.6612298440064015
50,dense,naive,0.45652486541840126,True,46.24812368555079,0.7448330624013413,1.117249593602012,0.2652367649319065,1.1126798196060481,0.0,0.0,0.0
50,dense,ensemble,0.051034038599273635,True,49.23117995451698,1.6567285748045275,2.485092862206791,1.1297278931758894,0.6215693238614719,0.0,0.0,0.0
50,dense,learnable_cp,0.05889522061693079,True,45.48572313629085,0.4224240180386416,0.6336360270579624,0.6064888378928245,1.3886116769892765,0.9402112111496355,1.0499999999999998,0.8044160877069072
51,dense,naive,0.12909055985039156,True,41.37087573693892,1.0720068213055138,1.6080102319582708,0.2752777160188629,1.4876777519876383,0.0,0.0,0.0
51,dense,ensemble,0.1610241090598682,True,47.52719348860501,1.986669073543413,2.9800036103151193,1.0984647795222837,1.4279170673227766,0.0,0.0,0.0
51,dense,learnable_cp,0.03201617350192641,True,44.64256513699684,1.3555696560874777,2.0333544841312166,0.6083220506360367,1.6152623844374117,0.957373466177458,1.0499999999999998,0.6606661187672639
52,dense,naive,0.34114295286460006,True,43.111144072127864,1.245325808762815,1.8679887131442223,0.18553034701753468,1.9717792670411352,0.0,0.0,0.0
52,dense,ensemble,0.05200719295100403,True,51.06246888729114,1.8603119210089893,2.790467881513484,1.148162736165273,1.6697680927267153,0.0,0.0,0.0
52,dense,learnable_cp,0.05033161093389873,True,45.749900220688275,1.62807337310572,2.44211005965858,0.6523977025141553,1.012808249058029,0.9621579301943307,1.0499999999999998,0.7186609123156358
53,dense,naive,0.4013318744835762,True,31.33531750459407,0.9440882816910725,1.4161324225366088,0.2397667088346477,1.5622581329679224,0.0,0.0,0.0
53,dense,ensemble,0.1266484837073438,True,33.69579509913675,2.0251806553441196,3.0377709830161796,0.9638406547608113,0.5686130507187692,0.0,0.0,0.0
53,dense,learnable_cp,0.052342045335761346,True,31.90814545784044,1.427355144566968,2.141032716850452,0.5482379879687248,1.6556111267116898,0.9388960094661359,1.0499999999999998,0.888115706944059
54,dense,naive,0.19051959326387782,True,33.11457935038392,1.1945909004162882,1.7918863506244325,0.30936544496283125,0.8311544191831406,0.0,0.0,0.0
54,dense,ensemble,0.13219003568855994,True,37.362411730889086,1.2825753470653984,1.9238630205980978,1.0836228664140073,1.9262953433756156,0.0,0.0,0.0
54,dense,learnable_cp,0.040551744430888687,True,33.853747535360554,1.4322895765742762,2.1484343648614144,0.6816633751151788,1.4577889214961284,0.9194894965815051,1.0499999999999998,0.6308091930118755
55,dense,naive,0.5096832808140512,False,45.31048009044438,0.7867384208766277,1.1801076313149417,0.22654394594436786,0.546701124326767,0.0,0.0,0.0
55,dense,ensemble,0.057423028790477795,True,55.4696857995496,1.642021313148896,2.4630319697233443,1.0958647915794064,1.9522901418720826,0.0,0.0,0.0
55,dense,learnable_cp,0.050393387147941414,True,48.92139071029884,1.678981329041553,2.518471993562329,0.6861270040145039,1.7671748421753315,0.9628544551973508,1.0499999999999998,0.8329152530132431
56,dense,naive,0.56238026512313,False,31.996783274060178,0.6907847491595431,1.0361771237393147,0.25751167451754575,0.6877786883038257,0.0,0.0,0.0
56,dense,ensemble,0.0861803848970365,True,39.26795112684599,1.6546192814733638,2.4819289222100456,0.9684612448940977,0.5963134056127011,0.0,0.0,0.0
56,dense,learnable_cp,0.013171907050074233,True,34.62449419629519,1.2762851560786597,1.9144277341179894,0.6997876118340678,1.1828302236227017,0.9409538736150185,1.0499999999999998,0.45761206733710424
57,dense,naive,0.528528228369849,False,36.913096562931194,1.1116394173279482,1.6674591259919223,0.2839436081965918,0.5594282380225357,0.0,0.0,0.0
57,dense,ensemble,0.07165119284353935,True,44.86998491103272,1.6655859049394963,2.4983788574092447,0.9820817655403729,1.4272336014771787,0.0,0.0,0.0
57,dense,learnable_cp,0.05549777557327901,True,45.79163299231336,1.2037710662744123,1.8056565994116185,0.6518830116583969,1.025940396813771,0.9299675998021016,1.0499999999999998,0.6718899707114044
58,dense,naive,0.5233324105963527,False,39.78669924582108,0.8519611550907953,1.2779417326361928,0.23775083393130703,0.6568517605016004,0.0,0.0,0.0
58,dense,ensemble,0.1899677718293001,True,46.1703589432142,1.684555777642719,2.5268336664640785,1.0076531611147213,1.5635907791763746,0.0,0.0,0.0
58,dense,learnable_cp,0.05286526302767355,True,42.986176163827395,1.2928276844456457,1.9392415266684684,0.7044504990892387,1.7222376706197684,0.9763478813126865,1.0499999999999998,0.71975996046924
59,dense,naive,0.43520154405371847,True,40.91750445629485,0.889143514953331,1.3337152724299965,0.27022746980453727,0.5905281259858457,0.0,0.0,0.0
59,dense,ensemble,0.08742909981927757,True,41.067592301023126,1.5705624742083706,2.3558437113125557,1.0612082973200958,1.963797883728697,0.0,0.0,0.0
59,dense,learnable_cp,0.024368475062596838,True,38.4180931654835,1.6522726310210385,2.478408946531558,0.706466221876975,1.2472935746797085,0.9845508634020141,1.0499999999999998,0.7436323669674032
60,dense,naive,0.2058259169248041,True,33.81939906401837,0.8493232851417629,1.2739849277126445,0.27057974851901967,0.545978753308709,0.0,0.0,0.0
60,dense,ensemble,0.10713117312883275,True,34.257302783404455,1.7864336034482504,2.6796504051723757,1.072359796985137,1.6140597817999716,0.0,0.0,0.0
60,dense,learnable_cp,0.007713369433818104,True,33.50291033893095,0.9981246082480253,1.497186912372038,0.7500868551265067,1.5878864906227048,0.9715736166686259,1.0499999999999998,0.6961491530499292
61,dense,naive,0.1300571579187025,True,43.14157030509716,1.2401494725297917,1.8602242087946874,0.26896373022133424,0.8159932835084999,0.0,0.0,0.0
61,dense,ensemble,0.19382701748629477,True,53.69035593561824,1.478997856213808,2.218496784320712,1.0597901766718705,1.573737447023133,0.0,0.0,0.0
61,dense,learnable_cp,0.051476002552118906,True,47.24709576854276,0.9715193036553382,1.4572789554830075,0.6474788574139256,1.8061248519087671,0.9654339742129668,1.0499999999999998,0.4151457379369924
62,dense,naive,0.2016647927841424,True,35.58522230653705,1.1122840166731918,1.6684260250097878,0.2556577611434904,0.8872001490516913,0.0,0.0,0.0
62,dense,ensemble,0.05526592621395471,True,42.510445540224886,1.5263563062730994,2.289534459409649,1.0573251940865358,1.954731567617817,0.0,0.0,0.0
62,dense,learnable_cp,0.01388202699020209,True,37.19772573091802,0.8381194098626712,1.2571791147940068,0.6627086946123101,1.7433250488239143,0.9188683620268049,1.0499999999999998,0.6571884839034087
63,dense,naive,0.24924187633231723,True,40.43707985998793,1.2541237029955103,1.8811855544932654,0.32112504574434403,1.2119463136247208,0.0,0.0,0.0
63,dense,ensemble,0.13909677261157766,True,46.16519696613957,1.9757517028762193,2.963627554314329,1.0519394579513257,0.8087618150551523,0.0,0.0,0.0
63,dense,learnable_cp,0.038462384406406966,True,41.445514871502226,1.481182202152408,2.2217733032286118,0.6156228274330204,1.9049085384424422,0.9646528015443115,1.0499999999999998,0.6919283419891418
64,dense,naive,0.28668546956898067,True,34.22227631591077,1.0418027780863792,1.562704167129569,0.28262674459106674,1.8018774417800332,0.0,0.0,0.0
64,dense,ensemble,0.1699005054929826,True,33.5417359760889,2.293179078100885,3.4397686171513278,1.0330205185922414,0.7094768821344694,0.0,0.0,0.0
64,dense,learnable_cp,0.026230641795883025,True,38.228524554735465,1.549637412445145,2.3244561186677175,0.6174643231327456,1.1656253289568568,0.946186351984733,1.0499999999999998,0.7217432873179722
65,dense,naive,0.370366854664263,True,44.704612210265545,1.2888896587342389,1.9333344881013583,0.27538103777255263,1.3559146199582446,0.0,0.0,0.0
65,dense,ensemble,0.17527629664789918,True,49.17652793840729,1.8582857332754221,2.787428599913133,0.9828497543634759,1.0907966084812377,0.0,0.0,0.0
65,dense,learnable_cp,0.029567433551662428,True,44.546878129325805,1.7682094386500722,2.652314157975108,0.6373809978267775,1.6735782260874101,0.9822742253811729,1.0499999999999998,0.745353430151398
66,dense,naive,0.1222821907769307,True,42.0369489269678,1.3140760382950036,1.9711140574425055,0.2884975152670691,1.6434277021649235,0.0,0.0,0.0
66,dense,ensemble,0.1051218248320004,True,53.24146607393872,1.6216499905569086,2.4324749858353627,1.046278822673577,1.3167336469412743,0.0,0.0,0.0
66,dense,learnable_cp,0.019439548331272476,True,44.129263475867994,1.2011176169667124,1.8016764254500686,0.7276280907744821,1.1730404339337959,0.9372207650462099,1.0499999999999998,0.5676910206592501
67,dense,naive,0.40045406885280294,True,31.270169323879347,1.3268994595049384,1.9903491892574077,0.3366989060424784,1.1952410657008585,0.0,0.0,0.0
67,dense,ensemble,0.1690882743495797,True,36.92129846381552,0.9168449522045948,1.3752674283068922,1.1545471286295372,0.5384630987096535,0.0,0.0,0.0
67,dense,learnable_cp,0.021865115498961026,True,32.218441451387825,1.9002820735415469,2.8504231103123203,0.5587965063053532,1.3004038200903176,0.9776854563702103,1.0499999999999998,0.7563909120052359
68,dense,naive,0.3370971467998554,True,43.55817305225435,0.9433309936646574,1.414996490496986,0.287653663822024,0.6521312426738248,0.0,0.0,0.0
68,dense,ensemble,0.03535215929023072,True,48.993425338190995,1.3700893345213916,2.055134001782087,0.9848205341392114,1.7045388467489953,0.0,0.0,0.0
68,dense,learnable_cp,0.006757936778302796,True,46.989601643978425,1.9210219354435412,2.881532903165312,0.6886541594588764,0.9089360011003007,0.9303502521292337,1.0499999999999998,0.6775366850002975
69,dense,naive,0.2296200584529351,True,32.97690088395831,1.5539879502491418,2.3309819253737127,0.2711141358729142,0.6603153846421157,0.0,0.0,0.0
69,dense,ensemble,0.04035031332341653,True,37.53699969731502,1.6607753269886625,2.4911629904829935,1.0676244977208573,1.7089888246627372,0.0,0.0,0.0
69,dense,learnable_cp,0.033420734896116584,True,34.55218916913432,1.6082550666406494,2.4123825999609743,0.6569607704322452,1.4024177302194967,0.9509772014065141,1.0499999999999998,0.7040591691203882
70,dense,naive,0.4499455651688936,True,30.091624227591396,1.3448259184791145,2.017238877718672,0.24495479903193204,1.8500346850970169,0.0,0.0,0.0
70,dense,ensemble,0.05780683823043574,True,36.20122208044512,1.4511444869959076,2.1767167304938613,1.084746218847222,1.7339214777705176,0.0,0.0,0.0
70,dense,learnable_cp,0.0813914609339731,True,33.64273818887709,1.5385099051784357,2.3077648577676535,0.6108991181546196,1.1776515181058436,0.9262480316194097,1.0499999999999998,0.7309820710227027
71,dense,naive,0.321883853782802,True,42.368147767777494,1.367375331287843,2.0510629969317646,0.3411698281149523,1.320046119071105,0.0,0.0,0.0
71,dense,ensemble,0.09212541074960831,True,44.94062695617205,1.6401820521612902,2.4602730782419355,1.168985466882716,1.981678280322331,0.0,0.0,0.0
71,dense,learnable_cp,0.05329083628759576,True,43.233349817657164,1.0359810182026348,1.5539715273039523,0.5543446787410488,1.5763966484872642,0.9613796615837055,1.0499999999999998,0.8628396623128538
72,dense,naive,0.20988310757449727,True,32.056674248635574,0.8240307761311844,1.2360461641967766,0.25012323871515163,1.2785896863624056,0.0,0.0,0.0
72,dense,ensemble,0.13168929558953738,True,35.389370930472886,1.765930736331004,2.648896104496506,1.0816764480804464,1.299436679827003,0.0,0.0,0.0
72,dense,learnable_cp,0.021547934862773677,True,33.69067701544897,1.6751660368997292,2.5127490553495937,0.7473271418757383,1.595975765358869,0.9358997628848318,1.0499999999999998,0.6944230922342294
73,dense,naive,0.2263961417043445,True,39.708447243667514,0.7255122796651909,1.0882684194977865,0.2640638421383514,1.1755564043872777,0.0,0.0,0.0
73,dense,ensemble,0.08322350287051167,True,46.68924943539891,1.9940597028449474,2.991089554267421,1.0704569060453588,1.890766729219179,0.0,0.0,0.0
73,dense,learnable_cp,0.034321817973664,True,38.711301627375626,1.488565693458674,2.232848540188011,0.6890039089858292,1.763049941564632,0.9963865907996339,1.0499999999999998,0.7393317839394371
74,dense,naive,0.2958796014579216,True,31.010749624848593,1.1511208138637277,1.7266812207955915,0.2891197979992031,1.5631170466144646,0.0,0.0,0.0
74,dense,ensemble,0.08070052697460252,True,32.16804001498592,1.1158050547356777,1.6737075821035166,1.0653995663456273,1.0954722756114252,0.0,0.0,0.0
74,dense,learnable_cp,0.0881148632641358,True,30.447482129016528,1.7175637835653321,2.5763456753479983,0.6515633438624338,1.2454452243587455,0.9516365871709512,1.0499999999999998,0.6901110346808856
75,narrow_passage,naive,0.5852661509384232,False,38.05040750914143,0.597863081983023,0.8967946229745345,0.26818226314555016,1.1044702681477423,0.0,0.0,0.0
75,narrow_passage,ensemble,0.18682549217852018,True,40.58196621138313,1.2584543472107386,1.8876815208161077,1.1195440501677898,1.461458116017998,0.0,0.0,0.0
75,narrow_passage,learnable_cp,0.05549706945299957,True,40.19447466928754,1.8394632907573052,2.759194936135958,0.6849929857803754,1.647214701354493,0.9502070523968675,1.4,0.568816376764984
76,narrow_passage,naive,0.4442430645060649,True,35.191307967829445,0.90232730109345,1.353490951640175,0.2826994209222896,1.148746817495198,0.0,0.0,0.0
76,narrow_passage,ensemble,0.163223720740506,True,38.80139154217915,0.9681993818543737,1.4522990727815606,1.112795622213919,1.4612394720353095,0.0,0.0,0.0
76,narrow_passage,learnable_cp,0.07080225423366253,True,37.585012017650726,0.8100448922195023,1.2150673383292534,0.7208595232191282,0.5920244406660022,0.9457311425813958,1.4,0.8490726136849952
77,narrow_passage,naive,0.4154526458860486,True,30.22508600650019,0.6398327352135021,0.9597491028202532,0.2446621621390911,0.65156871651597,0.0,0.0,0.0
77,narrow_passage,ensemble,0.14059115907293857,True,36.044823011714314,1.2981721943149593,1.947258291472439,1.1201523010076706,1.7209554042590283,0.0,0.0,0.0
77,narrow_passage,learnable_cp,0.02931402747231083,True,35.35557468314478,1.2498580955286225,1.8747871432929337,0.8144341034398835,1.1391250758355573,0.9226624260316916,1.4,0.6775234598107316
78,narrow_passage,naive,0.6811713962691504,False,35.98636825726875,1.013593052917813,1.5203895793767195,0.3181099200396105,0.5165468966429708,0.0,0.0,0.0
78,narrow_passage,ensemble,0.13117447996366402,True,36.93053397887007,1.0861266655242552,1.6291899982863827,1.1395902002701273,1.3029651971788874,0.0,0.0,0.0
78,narrow_passage,learnable_cp,0.040117875339156145,True,39.487363786743266,0.5119525975118505,0.7679288962677757,0.8030279308308026,1.7665356241094239,0.9494539092098013,1.4,0.6066732040926803
79,narrow_passage,naive,0.6752326582725297,False,30.975065286990716,0.1,0.15000000000000002,0.25775271199376637,1.0917144178550529,0.0,0.0,0.0
79,narrow_passage,ensemble,0.23355851637468045,True,37.187360004861745,1.049278178402025,1.5739172676030377,1.1719952343698037,1.5322020591298133,0.0,0.0,0.0
79,narrow_passage,learnable_cp,0.02801727027105974,True,34.50349987555789,1.0734972022972715,1.6102458034459073,0.7460674801493248,1.4558022152124206,0.964841907440186,1.4,0.7299292580406491
80,narrow_passage,naive,0.4039259847846224,True,41.79684466396022,0.39261295821365816,0.5889194373204872,0.28313426984434364,1.6061506530822283,0.0,0.0,0.0
80,narrow_passage,ensemble,0.26066936237633115,True,47.95213308302666,1.1404035346063675,1.7106053019095513,1.1292340152932454,0.6068850916478878,0.0,0.0,0.0
80,narrow_passage,learnable_cp,0.04395014533576705,True,47.37448127102462,0.8057247671119108,1.2085871506678663,0.6336040964156363,1.6619802967717727,0.9290617803463611,1.4,0.7536652752527285
81,narrow_passage,naive,0.542381528916019,False,31.718262682527154,0.5154862438164094,0.7732293657246141,0.32397962939931824,0.5314174415463693,0.0,0.0,0.0
81,narrow_passage,ensemble,0.20980238429029083,True,36.59047306427662,0.8234567999774469,1.2351851999661703,1.1950666825977743,0.8085308932933326,0.0,0.0,0.0
81,narrow_passage,learnable_cp,0.06562359124538905,True,33.93344377934587,1.2925062311463948,1.9387593467195923,0.7612313543613165,1.2954531998737375,0.9371296353923971,1.4,0.7927840128081237
82,narrow_passage,naive,0.7183428035121675,False,51.238009078497306,0.9737403753181211,1.4606105629771817,0.30967145865968043,1.484717910997254,0.0,0.0,0.0
82,narrow_passage,ensemble,0.14175236352285575,True,53.10696648305019,0.9365572417936899,1.4048358626905348,1.0216821705311998,1.1591074845416782,0.0,0.0,0.0
82,narrow_passage,learnable_cp,0.07158885145734523,True,51.74602185318962,0.9548566605376712,1.4322849908065067,0.683427185113768,0.796205734789906,0.9561481339561819,1.4,0.7815737212539297
83,narrow_passage,naive,0.5456189256004714,False,35.67811916593258,1.0012688110075119,1.5019032165112678,0.23931773219701624,1.19080924591121,0.0,0.0,0.0
83,narrow_passage,ensemble,0.1845487475819126,True,41.88802610935025,1.4488643806002237,2.1732965709003356,1.178673692874266,0.7661431542045603,0.0,0.0,0.0
83,narrow_passage,learnable_cp,0.0665254934169337,True,38.01865129779796,1.0716884749893858,1.6075327124840788,0.6957053375141103,1.5889698649779431,0.9394276663650049,1.4,0.7586364018755093
84,narrow_passage,naive,0.5741665121125428,False,40.55257571148848,1.4401230256340911,2.1601845384511367,0.33377165315525187,1.26254082037442,0.0,0.0,0.0
84,narrow_passage,ensemble,0.1882754822815772,True,41.449625225791216,1.4760024863313597,2.2140037294970396,1.1390579192441388,1.4544370309688721,0.0,0.0,0.0
84,narrow_passage,learnable_cp,0.047552436100183934,True,43.189956344238475,1.024859588302427,1.5372893824536404,0.6990188257094763,0.8700182967824346,0.9458195348542795,1.4,0.6149479545790699
85,narrow_passage,naive,0.5390994249725611,False,41.60026151603498,0.9659511872614172,1.4489267808921258,0.3523251967973289,0.7820371019231243,0.0,0.0,0.0
85,narrow_passage,ensemble,0.21983157433228256,True,49.84190324343383,1.2097948499981246,1.8146922749971868,1.1207344097364598,1.6414861400421408,0.0,0.0,0.0
85,narrow_passage,learnable_cp,0.03100286869038188,True,45.74076326905497,0.9637431325065454,1.4456146987598182,0.6589828087734652,1.8149761427423008,0.984539277024668,1.4,0.6600363814385397
86,narrow_passage,naive,0.24517262002945317,True,48.86591556828384,1.2543276944791462,1.8814915417187192,0.24245472251099426,0.504827395406418,0.0,0.0,0.0
86,narrow_passage,ensemble,0.08371718427149526,True,55.369420862481405,1.084442556232266,1.626663834348399,1.2479099642834126,1.463488288857841,0.0,0.0,0.0
86,narrow_passage,learnable_cp,0.06252898045646925,True,48.25177119731341,1.6583946791709185,2.487592018756378,0.7943307323044705,1.4052314998946822,0.9704812505162292,1.4,0.7592526949201183
87,narrow_passage,naive,0.49894358016128965,True,37.481590205793125,1.0847706160096084,1.6271559240144127,0.24753672109620375,1.5615214021113737,0.0,0.0,0.0
87,narrow_passage,ensemble,0.16442034431459238,True,43.040349068764556,0.9074932657599485,1.3612398986399228,1.1103170270360139,0.9922891304139674,0.0,0.0,0.0
87,narrow_passage,learnable_cp,0.043134787914125144,True,37.37482900802843,1.244017874026005,1.8660268110390077,0.6317268988903909,1.6034946713587848,0.9295162635134159,1.4,0.8854092566334189
88,narrow_passage,naive,0.4475581719833295,True,41.97451851014114,1.0942227990574818,1.6413341985862226,0.2647888059414093,1.075749427899566,0.0,0.0,0.0
88,narrow_passage,ensemble,0.25422931529673043,True,50.75535850600479,1.1033451734641178,1.6550177601961766,1.0640191283355493,1.0017669331128982,0.0,0.0,0.0
88,narrow_passage,learnable_cp,0.04944446271508121,True,46.31016595375969,0.5312105476078134,0.79681582141172,0.7085149181081196,1.9110188676730107,0.9406792699626351,1.4,0.5405296932733203
89,narrow_passage,naive,0.444675465561119,True,46.51268707383998,0.692366684183568,1.038550026275352,0.34952498906203733,1.2244533081280329,0.0,0.0,0.0
89,narrow_passage,ensemble,0.1586242547474682,True,56.110019378370744,1.748377764364361,2.6225666465465416,1.0971451871706863,1.6482693484866646,0.0,0.0,0.0
89,narrow_passage,learnable_cp,0.06709556964340399,True,47.17015135272221,1.2185928387375453,1.827889258106318,0.6713281089228881,1.4854327344007092,0.9479969184704009,1.4,0.6796326249823034
90,narrow_passage,naive,0.5532533681632275,False,34.2684761166693,0.4979155708028613,0.746873356204292,0.2338584905136583,1.6390973936269455,0.0,0.0,0.0
90,narrow_passage,ensemble,0.2346344284479761,True,39.37506045124811,1.2435898116954691,1.8653847175432037,1.0826394160426087,0.550420400274924,0.0,0.0,0.0
90,narrow_passage,learnable_cp,0.0620328857537902,True,35.22550570884212,0.5711502548471915,0.8567253822707872,0.6486679632632134,1.8497500185309086,0.9513398143444974,1.4,0.75159392177041
91,narrow_passage,naive,0.4835676062796195,True,45.654779766745406,1.0153820369588078,1.5230730554382117,0.23404099306396414,1.97194563574587,0.0,0.0,0.0
91,narrow_passage,ensemble,0.19971323398109136,True,51.3836461177465,1.338067379649989,2.0071010694749836,1.0521709097688297,1.1958987300325044,0.0,0.0,0.0
91,narrow_passage,learnable_cp,0.061599867611182864,True,51.30764089457308,0.857474052642984,1.286211078964476,0.6842367577879226,0.7268702431024019,0.935308168464039,1.4,0.6189747562985619
92,narrow_passage,naive,0.6526251843626272,False,50.63745374138013,0.6613376279560352,0.9920064419340529,0.2876157756788312,1.5617526458446531,0.0,0.0,0.0
92,narrow_passage,ensemble,0.11862048896756403,True,52.2800401634043,0.928358296404318,1.3925374446064769,0.9739324758252695,0.7486618102449136,0.0,0.0,0.0
92,narrow_passage,learnable_cp,0.05103239561892235,True,52.955994743031724,1.6309587262030898,2.4464380893046345,0.6482813586038201,1.3181478041103583,0.9504158741535081,1.4,0.6271997058770865
93,narrow_passage,naive,0.402913904301793,True,44.39750149038566,0.561454540831186,0.8421818112467789,0.3101238604719741,0.8879312523320582,0.0,0.0,0.0
93,narrow_passage,ensemble,0.13586282389089838,True,49.28589766020235,1.2868010947984387,1.930201642197658,1.2012339229234779,0.8073219112260688,0.0,0.0,0.0
93,narrow_passage,learnable_cp,0.05279053191590808,True,49.09931732086631,1.195241580419327,1.7928623706289906,0.6984040752678319,1.6580187144649856,0.9676621955429431,1.4,0.6922162802987197
94,narrow_passage,naive,0.3539829887900786,True,39.685837610425786,1.0615166267203835,1.5922749400805754,0.3052712046608349,1.0706300112613434,0.0,0.0,0.0
94,narrow_passage,ensemble,0.16566352052688824,True,42.77457126098645,1.525768680372561,2.2886530205588413,1.0865927957230501,1.3663900488217362,0.0,0.0,0.0
94,narrow_passage,learnable_cp,0.08376291469413968,True,43.9458501982257,1.3296170642511302,1.9944255963766953,0.690408927089668,1.2995433008692099,0.9596946563458895,1.4,0.6153643345009125
95,narrow_passage,naive,0.6250711008739047,False,43.42319293379508,0.6703359485944729,1.0055039228917093,0.30417127440573016,1.975282209072833,0.0,0.0,0.0
95,narrow_passage,ensemble,0.14326123339467295,True,50.113213027587875,0.9634632261951941,1.4451948392927911,1.141179953279673,1.1604851275525234,0.0,0.0,0.0
95,narrow_passage,learnable_cp,0.0452839216991434,True,48.228344822305864,1.1574562891597895,1.7361844337396843,0.7120619068827674,1.2578101603649574,0.9484071721750856,1.4,0.7452371796249734
96,narrow_passage,naive,0.6723100224394158,False,50.578669805091955,0.39329661528598964,0.5899449229289845,0.2672374028948873,0.5189112799636386,0.0,0.0,0.0
96,narrow_passage,ensemble,0.21936930257823756,True,60.05021088809272,1.4238899519640726,2.135834927946109,1.1362898158291082,0.6191098769645442,0.0,0.0,0.0
96,narrow_passage,learnable_cp,0.04389256345899312,True,52.72398928119085,1.181292361653858,1.771938542480787,0.715209645977671,1.3111906324783167,0.9298691486944072,1.4,0.8139878561129045
97,narrow_passage,naive,0.4751901472784732,True,41.09296201544504,0.7226492641331439,1.0839738961997158,0.1679975050740248,1.7423738786558276,0.0,0.0,0.0
97,narrow_passage,ensemble,0.11003488838525446,True,43.24362566545282,1.5021860079513658,2.2532790119270487,1.147336678410069,0.6509562177853,0.0,0.0,0.0
97,narrow_passage,learnable_cp,0.04869430447201836,True,40.73808663704908,0.901185868441121,1.3517788026616815,0.5985163066130208,1.6232395054449598,0.9743431704165099,1.4,0.8521316051922451
98,narrow_passage,naive,0.48454651979041763,True,38.79301373530953,0.7613851308871338,1.1420776963307007,0.28677722960793145,0.6893971123467542,0.0,0.0,0.0
98,narrow_passage,ensemble,0.10104801044200987,True,44.169520171742974,1.110614810810482,1.6659222162157232,1.130057982793642,0.762322155763939,0.0,0.0,0.0
98,narrow_passage,learnable_cp,0.05195866510966658,True,40.29869831737802,0.9472414278543609,1.4208621417815415,0.7388765620407471,1.4643228650880615,0.9525275915909281,1.4,0.8938928999058284
99,narrow_passage,naive,0.6543023916044588,False,32.86209448689704,0.9670831761686625,1.4506247642529937,0.31337303908196557,1.4974773552139928,0.0,0.0,0.0
99,narrow_passage,ensemble,0.18049093284642564,True,40.33741569838525,1.4517721103608194,2.1776581655412293,1.2149940967447606,0.6664842038202217,0.0,0.0,0.0
99,narrow_passage,learnable_cp,0.025902428917353525,True,33.78125713991835,1.142248527958325,1.7133727919374875,0.7550298803380655,1.0706008234556146,0.9392934362809215,1.4,0.6909466717695839
